<?xml version='1.0' encoding='UTF-8'?>
<pycode>
  <imports>
    <module name="ctypes">
      <object name="c_char_p"/>
      <object name="c_bool"/>
      <object name="c_int"/>
      <object name="c_size_t"/>
      <object name="c_void_p"/>
      <object name="POINTER"/>
      <object name="c_double"/>
      <object name="c_float"/>
    </module>
    <module name=".datatype">
      <object name="c_char_p_p"/>
      <object name="c_int_p"/>
      <object name="c_bool_p"/>
      <object name="c_double_p"/>
      <object name="LP_c_char"/>
      <object name="c_ubyte_p"/>
      <object name="c_float_p"/>
    </module>
    <module name=".pytype.pix">
      <object name="LPPix"/>
      <object name="LPBoxa"/>
      <object name="LPPixa"/>
    </module>
  </imports>
  <functions>
    <function name="TessVersion">
      <return type="const char *" ctype="c_char_p" pytype="bytes"/>
      <parameters/>
    </function>
    <function name="TessDeleteText">
      <return type="void" ctype="None" pytype="None"/>
      <parameters>
        <parameter name="text" type="const char *" ctype="c_char_p" pytype="bytes"/>
      </parameters>
    </function>
    <function name="TessDeleteTextArray">
      <return type="void" ctype="None" pytype="None"/>
      <parameters>
        <parameter name="arr" type="char * *" ctype="c_char_p_p" pytype="c_char_p_p"/>
      </parameters>
    </function>
    <function name="TessDeleteIntArray">
      <return type="void" ctype="None" pytype="None"/>
      <parameters>
        <parameter name="arr" type="const int *" ctype="c_int_p" pytype="c_int_p"/>
      </parameters>
    </function>
    <function name="TessTextRendererCreate">
      <return type="TessResultRenderer *" ctype="LPTessResultRenderer" pytype="LPTessResultRenderer"/>
      <parameters>
        <parameter name="outputbase" type="const char *" ctype="c_char_p" pytype="bytes"/>
      </parameters>
    </function>
    <function name="TessHOcrRendererCreate">
      <return type="TessResultRenderer *" ctype="LPTessResultRenderer" pytype="LPTessResultRenderer"/>
      <parameters>
        <parameter name="outputbase" type="const char *" ctype="c_char_p" pytype="bytes"/>
      </parameters>
    </function>
    <function name="TessHOcrRendererCreate2">
      <return type="TessResultRenderer *" ctype="LPTessResultRenderer" pytype="LPTessResultRenderer"/>
      <parameters>
        <parameter name="outputbase" type="const char *" ctype="c_char_p" pytype="bytes"/>
        <parameter name="font_info" type="BOOL" ctype="c_bool" pytype="bool"/>
      </parameters>
    </function>
    <function name="TessAltoRendererCreate">
      <return type="TessResultRenderer *" ctype="LPTessResultRenderer" pytype="LPTessResultRenderer"/>
      <parameters>
        <parameter name="outputbase" type="const char *" ctype="c_char_p" pytype="bytes"/>
      </parameters>
    </function>
    <function name="TessTsvRendererCreate">
      <return type="TessResultRenderer *" ctype="LPTessResultRenderer" pytype="LPTessResultRenderer"/>
      <parameters>
        <parameter name="outputbase" type="const char *" ctype="c_char_p" pytype="bytes"/>
      </parameters>
    </function>
    <function name="TessPDFRendererCreate">
      <return type="TessResultRenderer *" ctype="LPTessResultRenderer" pytype="LPTessResultRenderer"/>
      <parameters>
        <parameter name="outputbase" type="const char *" ctype="c_char_p" pytype="bytes"/>
        <parameter name="datadir" type="const char *" ctype="c_char_p" pytype="bytes"/>
        <parameter name="textonly" type="BOOL" ctype="c_bool" pytype="bool"/>
      </parameters>
    </function>
    <function name="TessUnlvRendererCreate">
      <return type="TessResultRenderer *" ctype="LPTessResultRenderer" pytype="LPTessResultRenderer"/>
      <parameters>
        <parameter name="outputbase" type="const char *" ctype="c_char_p" pytype="bytes"/>
      </parameters>
    </function>
    <function name="TessBoxTextRendererCreate">
      <return type="TessResultRenderer *" ctype="LPTessResultRenderer" pytype="LPTessResultRenderer"/>
      <parameters>
        <parameter name="outputbase" type="const char *" ctype="c_char_p" pytype="bytes"/>
      </parameters>
    </function>
    <function name="TessLSTMBoxRendererCreate">
      <return type="TessResultRenderer *" ctype="LPTessResultRenderer" pytype="LPTessResultRenderer"/>
      <parameters>
        <parameter name="outputbase" type="const char *" ctype="c_char_p" pytype="bytes"/>
      </parameters>
    </function>
    <function name="TessWordStrBoxRendererCreate">
      <return type="TessResultRenderer *" ctype="LPTessResultRenderer" pytype="LPTessResultRenderer"/>
      <parameters>
        <parameter name="outputbase" type="const char *" ctype="c_char_p" pytype="bytes"/>
      </parameters>
    </function>
    <function name="TessDeleteResultRenderer">
      <return type="void" ctype="None" pytype="None"/>
      <parameters>
        <parameter name="renderer" type="TessResultRenderer *" ctype="LPTessResultRenderer" pytype="LPTessResultRenderer"/>
      </parameters>
    </function>
    <function name="TessResultRendererInsert">
      <return type="void" ctype="None" pytype="None"/>
      <parameters>
        <parameter name="renderer" type="TessResultRenderer *" ctype="LPTessResultRenderer" pytype="LPTessResultRenderer"/>
        <parameter name="next" type="TessResultRenderer *" ctype="LPTessResultRenderer" pytype="LPTessResultRenderer"/>
      </parameters>
    </function>
    <function name="TessResultRendererNext">
      <return type="TessResultRenderer *" ctype="LPTessResultRenderer" pytype="LPTessResultRenderer"/>
      <parameters>
        <parameter name="renderer" type="TessResultRenderer *" ctype="LPTessResultRenderer" pytype="LPTessResultRenderer"/>
      </parameters>
    </function>
    <function name="TessResultRendererBeginDocument">
      <return type="BOOL" ctype="c_bool" pytype="bool"/>
      <parameters>
        <parameter name="renderer" type="TessResultRenderer *" ctype="LPTessResultRenderer" pytype="LPTessResultRenderer"/>
        <parameter name="title" type="const char *" ctype="c_char_p" pytype="bytes"/>
      </parameters>
    </function>
    <function name="TessResultRendererAddImage">
      <return type="BOOL" ctype="c_bool" pytype="bool"/>
      <parameters>
        <parameter name="renderer" type="TessResultRenderer *" ctype="LPTessResultRenderer" pytype="LPTessResultRenderer"/>
        <parameter name="api" type="TessBaseAPI *" ctype="LPTessBaseAPI" pytype="LPTessBaseAPI"/>
      </parameters>
    </function>
    <function name="TessResultRendererEndDocument">
      <return type="BOOL" ctype="c_bool" pytype="bool"/>
      <parameters>
        <parameter name="renderer" type="TessResultRenderer *" ctype="LPTessResultRenderer" pytype="LPTessResultRenderer"/>
      </parameters>
    </function>
    <function name="TessResultRendererExtention">
      <return type="const char *" ctype="c_char_p" pytype="bytes"/>
      <parameters>
        <parameter name="renderer" type="TessResultRenderer *" ctype="LPTessResultRenderer" pytype="LPTessResultRenderer"/>
      </parameters>
    </function>
    <function name="TessResultRendererTitle">
      <return type="const char *" ctype="c_char_p" pytype="bytes"/>
      <parameters>
        <parameter name="renderer" type="TessResultRenderer *" ctype="LPTessResultRenderer" pytype="LPTessResultRenderer"/>
      </parameters>
    </function>
    <function name="TessResultRendererImageNum">
      <return type="int" ctype="c_int" pytype="int"/>
      <parameters>
        <parameter name="renderer" type="TessResultRenderer *" ctype="LPTessResultRenderer" pytype="LPTessResultRenderer"/>
      </parameters>
    </function>
    <function name="TessBaseAPICreate">
      <return type="TessBaseAPI *" ctype="LPTessBaseAPI" pytype="LPTessBaseAPI"/>
      <parameters/>
    </function>
    <function name="TessBaseAPIDelete">
      <return type="void" ctype="None" pytype="None"/>
      <parameters>
        <parameter name="handle" type="TessBaseAPI *" ctype="LPTessBaseAPI" pytype="LPTessBaseAPI"/>
      </parameters>
    </function>
    <function name="TessBaseAPIGetOpenCLDevice">
      <return type="size_t" ctype="c_size_t" pytype="int"/>
      <parameters>
        <parameter name="handle" type="TessBaseAPI *" ctype="LPTessBaseAPI" pytype="LPTessBaseAPI"/>
        <parameter name="device" type="void * *" ctype="POINTER(c_void_p)" pytype="POINTER(c_void_p)"/>
      </parameters>
    </function>
    <function name="TessBaseAPISetInputName">
      <return type="void" ctype="None" pytype="None"/>
      <parameters>
        <parameter name="handle" type="TessBaseAPI *" ctype="LPTessBaseAPI" pytype="LPTessBaseAPI"/>
        <parameter name="name" type="const char *" ctype="c_char_p" pytype="bytes"/>
      </parameters>
    </function>
    <function name="TessBaseAPIGetInputName">
      <return type="const char *" ctype="c_char_p" pytype="bytes"/>
      <parameters>
        <parameter name="handle" type="TessBaseAPI *" ctype="LPTessBaseAPI" pytype="LPTessBaseAPI"/>
      </parameters>
    </function>
    <function name="TessBaseAPISetInputImage">
      <return type="void" ctype="None" pytype="None"/>
      <parameters>
        <parameter name="handle" type="TessBaseAPI *" ctype="LPTessBaseAPI" pytype="LPTessBaseAPI"/>
        <parameter name="pix" type="struct Pix *" ctype="LPPix" pytype="LPPix"/>
      </parameters>
    </function>
    <function name="TessBaseAPIGetInputImage">
      <return type="struct Pix *" ctype="LPPix" pytype="LPPix"/>
      <parameters>
        <parameter name="handle" type="TessBaseAPI *" ctype="LPTessBaseAPI" pytype="LPTessBaseAPI"/>
      </parameters>
    </function>
    <function name="TessBaseAPIGetSourceYResolution">
      <return type="int" ctype="c_int" pytype="int"/>
      <parameters>
        <parameter name="handle" type="TessBaseAPI *" ctype="LPTessBaseAPI" pytype="LPTessBaseAPI"/>
      </parameters>
    </function>
    <function name="TessBaseAPIGetDatapath">
      <return type="const char *" ctype="c_char_p" pytype="bytes"/>
      <parameters>
        <parameter name="handle" type="TessBaseAPI *" ctype="LPTessBaseAPI" pytype="LPTessBaseAPI"/>
      </parameters>
    </function>
    <function name="TessBaseAPISetOutputName">
      <return type="void" ctype="None" pytype="None"/>
      <parameters>
        <parameter name="handle" type="TessBaseAPI *" ctype="LPTessBaseAPI" pytype="LPTessBaseAPI"/>
        <parameter name="name" type="const char *" ctype="c_char_p" pytype="bytes"/>
      </parameters>
    </function>
    <function name="TessBaseAPISetVariable">
      <return type="BOOL" ctype="c_bool" pytype="bool"/>
      <parameters>
        <parameter name="handle" type="TessBaseAPI *" ctype="LPTessBaseAPI" pytype="LPTessBaseAPI"/>
        <parameter name="name" type="const char *" ctype="c_char_p" pytype="bytes"/>
        <parameter name="value" type="const char *" ctype="c_char_p" pytype="bytes"/>
      </parameters>
    </function>
    <function name="TessBaseAPISetDebugVariable">
      <return type="BOOL" ctype="c_bool" pytype="bool"/>
      <parameters>
        <parameter name="handle" type="TessBaseAPI *" ctype="LPTessBaseAPI" pytype="LPTessBaseAPI"/>
        <parameter name="name" type="const char *" ctype="c_char_p" pytype="bytes"/>
        <parameter name="value" type="const char *" ctype="c_char_p" pytype="bytes"/>
      </parameters>
    </function>
    <function name="TessBaseAPIGetIntVariable">
      <return type="BOOL" ctype="c_bool" pytype="bool"/>
      <parameters>
        <parameter name="handle" type="const TessBaseAPI *" ctype="LPTessBaseAPI" pytype="LPTessBaseAPI"/>
        <parameter name="name" type="const char *" ctype="c_char_p" pytype="bytes"/>
        <parameter name="value" type="int *" ctype="c_int_p" pytype="c_int_p"/>
      </parameters>
    </function>
    <function name="TessBaseAPIGetBoolVariable">
      <return type="BOOL" ctype="c_bool" pytype="bool"/>
      <parameters>
        <parameter name="handle" type="const TessBaseAPI *" ctype="LPTessBaseAPI" pytype="LPTessBaseAPI"/>
        <parameter name="name" type="const char *" ctype="c_char_p" pytype="bytes"/>
        <parameter name="value" type="BOOL *" ctype="c_bool_p" pytype="c_bool_p"/>
      </parameters>
    </function>
    <function name="TessBaseAPIGetDoubleVariable">
      <return type="BOOL" ctype="c_bool" pytype="bool"/>
      <parameters>
        <parameter name="handle" type="const TessBaseAPI *" ctype="LPTessBaseAPI" pytype="LPTessBaseAPI"/>
        <parameter name="name" type="const char *" ctype="c_char_p" pytype="bytes"/>
        <parameter name="value" type="double *" ctype="c_double_p" pytype="c_double_p"/>
      </parameters>
    </function>
    <function name="TessBaseAPIGetStringVariable">
      <return type="const char *" ctype="c_char_p" pytype="bytes"/>
      <parameters>
        <parameter name="handle" type="const TessBaseAPI *" ctype="LPTessBaseAPI" pytype="LPTessBaseAPI"/>
        <parameter name="name" type="const char *" ctype="c_char_p" pytype="bytes"/>
      </parameters>
    </function>
    <function name="TessBaseAPIPrintVariables">
      <return type="void" ctype="None" pytype="None"/>
      <parameters>
        <parameter name="handle" type="const TessBaseAPI *" ctype="LPTessBaseAPI" pytype="LPTessBaseAPI"/>
        <parameter name="fp" type="FILE *" ctype="LPFILE" pytype="LPFILE"/>
      </parameters>
    </function>
    <function name="TessBaseAPIPrintVariablesToFile">
      <return type="BOOL" ctype="c_bool" pytype="bool"/>
      <parameters>
        <parameter name="handle" type="const TessBaseAPI *" ctype="LPTessBaseAPI" pytype="LPTessBaseAPI"/>
        <parameter name="filename" type="const char *" ctype="c_char_p" pytype="bytes"/>
      </parameters>
    </function>
    <function name="TessBaseAPIInit1">
      <return type="int" ctype="c_int" pytype="int"/>
      <parameters>
        <parameter name="handle" type="TessBaseAPI *" ctype="LPTessBaseAPI" pytype="LPTessBaseAPI"/>
        <parameter name="datapath" type="const char *" ctype="c_char_p" pytype="bytes"/>
        <parameter name="language" type="const char *" ctype="c_char_p" pytype="bytes"/>
        <parameter name="oem" type="TessOcrEngineMode" ctype="c_int" pytype="int"/>
        <parameter name="configs" type="char * *" ctype="c_char_p_p" pytype="c_char_p_p"/>
        <parameter name="configs_size" type="int" ctype="c_int" pytype="int"/>
      </parameters>
    </function>
    <function name="TessBaseAPIInit2">
      <return type="int" ctype="c_int" pytype="int"/>
      <parameters>
        <parameter name="handle" type="TessBaseAPI *" ctype="LPTessBaseAPI" pytype="LPTessBaseAPI"/>
        <parameter name="datapath" type="const char *" ctype="c_char_p" pytype="bytes"/>
        <parameter name="language" type="const char *" ctype="c_char_p" pytype="bytes"/>
        <parameter name="oem" type="TessOcrEngineMode" ctype="c_int" pytype="int"/>
      </parameters>
    </function>
    <function name="TessBaseAPIInit3">
      <return type="int" ctype="c_int" pytype="int"/>
      <parameters>
        <parameter name="handle" type="TessBaseAPI *" ctype="LPTessBaseAPI" pytype="LPTessBaseAPI"/>
        <parameter name="datapath" type="const char *" ctype="c_char_p" pytype="bytes"/>
        <parameter name="language" type="const char *" ctype="c_char_p" pytype="bytes"/>
      </parameters>
    </function>
    <function name="TessBaseAPIInit4">
      <return type="int" ctype="c_int" pytype="int"/>
      <parameters>
        <parameter name="handle" type="TessBaseAPI *" ctype="LPTessBaseAPI" pytype="LPTessBaseAPI"/>
        <parameter name="datapath" type="const char *" ctype="c_char_p" pytype="bytes"/>
        <parameter name="language" type="const char *" ctype="c_char_p" pytype="bytes"/>
        <parameter name="mode" type="TessOcrEngineMode" ctype="c_int" pytype="int"/>
        <parameter name="configs" type="char * *" ctype="c_char_p_p" pytype="c_char_p_p"/>
        <parameter name="configs_size" type="int" ctype="c_int" pytype="int"/>
        <parameter name="vars_vec" type="char * *" ctype="c_char_p_p" pytype="c_char_p_p"/>
        <parameter name="vars_values" type="char * *" ctype="c_char_p_p" pytype="c_char_p_p"/>
        <parameter name="vars_vec_size" type="size_t" ctype="c_size_t" pytype="int"/>
        <parameter name="set_only_non_debug_params" type="BOOL" ctype="c_bool" pytype="bool"/>
      </parameters>
    </function>
    <function name="TessBaseAPIInit5">
      <return type="int" ctype="c_int" pytype="int"/>
      <parameters>
        <parameter name="handle" type="TessBaseAPI *" ctype="LPTessBaseAPI" pytype="LPTessBaseAPI"/>
        <parameter name="data" type="const char *" ctype="c_char_p" pytype="bytes"/>
        <parameter name="data_size" type="int" ctype="c_int" pytype="int"/>
        <parameter name="language" type="const char *" ctype="c_char_p" pytype="bytes"/>
        <parameter name="mode" type="TessOcrEngineMode" ctype="c_int" pytype="int"/>
        <parameter name="configs" type="char * *" ctype="c_char_p_p" pytype="c_char_p_p"/>
        <parameter name="configs_size" type="int" ctype="c_int" pytype="int"/>
        <parameter name="vars_vec" type="char * *" ctype="c_char_p_p" pytype="c_char_p_p"/>
        <parameter name="vars_values" type="char * *" ctype="c_char_p_p" pytype="c_char_p_p"/>
        <parameter name="vars_vec_size" type="size_t" ctype="c_size_t" pytype="int"/>
        <parameter name="set_only_non_debug_params" type="BOOL" ctype="c_bool" pytype="bool"/>
      </parameters>
    </function>
    <function name="TessBaseAPIGetInitLanguagesAsString">
      <return type="const char *" ctype="c_char_p" pytype="bytes"/>
      <parameters>
        <parameter name="handle" type="const TessBaseAPI *" ctype="LPTessBaseAPI" pytype="LPTessBaseAPI"/>
      </parameters>
    </function>
    <function name="TessBaseAPIGetLoadedLanguagesAsVector">
      <return type="char * *" ctype="c_char_p_p" pytype="c_char_p_p"/>
      <parameters>
        <parameter name="handle" type="const TessBaseAPI *" ctype="LPTessBaseAPI" pytype="LPTessBaseAPI"/>
      </parameters>
    </function>
    <function name="TessBaseAPIGetAvailableLanguagesAsVector">
      <return type="char * *" ctype="c_char_p_p" pytype="c_char_p_p"/>
      <parameters>
        <parameter name="handle" type="const TessBaseAPI *" ctype="LPTessBaseAPI" pytype="LPTessBaseAPI"/>
      </parameters>
    </function>
    <function name="TessBaseAPIInitForAnalysePage">
      <return type="void" ctype="None" pytype="None"/>
      <parameters>
        <parameter name="handle" type="TessBaseAPI *" ctype="LPTessBaseAPI" pytype="LPTessBaseAPI"/>
      </parameters>
    </function>
    <function name="TessBaseAPIReadConfigFile">
      <return type="void" ctype="None" pytype="None"/>
      <parameters>
        <parameter name="handle" type="TessBaseAPI *" ctype="LPTessBaseAPI" pytype="LPTessBaseAPI"/>
        <parameter name="filename" type="const char *" ctype="c_char_p" pytype="bytes"/>
      </parameters>
    </function>
    <function name="TessBaseAPIReadDebugConfigFile">
      <return type="void" ctype="None" pytype="None"/>
      <parameters>
        <parameter name="handle" type="TessBaseAPI *" ctype="LPTessBaseAPI" pytype="LPTessBaseAPI"/>
        <parameter name="filename" type="const char *" ctype="c_char_p" pytype="bytes"/>
      </parameters>
    </function>
    <function name="TessBaseAPISetPageSegMode">
      <return type="void" ctype="None" pytype="None"/>
      <parameters>
        <parameter name="handle" type="TessBaseAPI *" ctype="LPTessBaseAPI" pytype="LPTessBaseAPI"/>
        <parameter name="mode" type="TessPageSegMode" ctype="c_int" pytype="int"/>
      </parameters>
    </function>
    <function name="TessBaseAPIGetPageSegMode">
      <return type="TessPageSegMode" ctype="c_int" pytype="int"/>
      <parameters>
        <parameter name="handle" type="const TessBaseAPI *" ctype="LPTessBaseAPI" pytype="LPTessBaseAPI"/>
      </parameters>
    </function>
    <function name="TessBaseAPIRect">
      <return type="char *" ctype="LP_c_char" pytype="LP_c_char"/>
      <parameters>
        <parameter name="handle" type="TessBaseAPI *" ctype="LPTessBaseAPI" pytype="LPTessBaseAPI"/>
        <parameter name="imagedata" type="const unsigned char *" ctype="c_ubyte_p" pytype="c_ubyte_p"/>
        <parameter name="bytes_per_pixel" type="int" ctype="c_int" pytype="int"/>
        <parameter name="bytes_per_line" type="int" ctype="c_int" pytype="int"/>
        <parameter name="left" type="int" ctype="c_int" pytype="int"/>
        <parameter name="top" type="int" ctype="c_int" pytype="int"/>
        <parameter name="width" type="int" ctype="c_int" pytype="int"/>
        <parameter name="height" type="int" ctype="c_int" pytype="int"/>
      </parameters>
    </function>
    <function name="TessBaseAPIClearAdaptiveClassifier">
      <return type="void" ctype="None" pytype="None"/>
      <parameters>
        <parameter name="handle" type="TessBaseAPI *" ctype="LPTessBaseAPI" pytype="LPTessBaseAPI"/>
      </parameters>
    </function>
    <function name="TessBaseAPISetImage">
      <return type="void" ctype="None" pytype="None"/>
      <parameters>
        <parameter name="handle" type="TessBaseAPI *" ctype="LPTessBaseAPI" pytype="LPTessBaseAPI"/>
        <parameter name="imagedata" type="const unsigned char *" ctype="c_ubyte_p" pytype="c_ubyte_p"/>
        <parameter name="width" type="int" ctype="c_int" pytype="int"/>
        <parameter name="height" type="int" ctype="c_int" pytype="int"/>
        <parameter name="bytes_per_pixel" type="int" ctype="c_int" pytype="int"/>
        <parameter name="bytes_per_line" type="int" ctype="c_int" pytype="int"/>
      </parameters>
    </function>
    <function name="TessBaseAPISetImage2">
      <return type="void" ctype="None" pytype="None"/>
      <parameters>
        <parameter name="handle" type="TessBaseAPI *" ctype="LPTessBaseAPI" pytype="LPTessBaseAPI"/>
        <parameter name="pix" type="struct Pix *" ctype="LPPix" pytype="LPPix"/>
      </parameters>
    </function>
    <function name="TessBaseAPISetSourceResolution">
      <return type="void" ctype="None" pytype="None"/>
      <parameters>
        <parameter name="handle" type="TessBaseAPI *" ctype="LPTessBaseAPI" pytype="LPTessBaseAPI"/>
        <parameter name="ppi" type="int" ctype="c_int" pytype="int"/>
      </parameters>
    </function>
    <function name="TessBaseAPISetRectangle">
      <return type="void" ctype="None" pytype="None"/>
      <parameters>
        <parameter name="handle" type="TessBaseAPI *" ctype="LPTessBaseAPI" pytype="LPTessBaseAPI"/>
        <parameter name="left" type="int" ctype="c_int" pytype="int"/>
        <parameter name="top" type="int" ctype="c_int" pytype="int"/>
        <parameter name="width" type="int" ctype="c_int" pytype="int"/>
        <parameter name="height" type="int" ctype="c_int" pytype="int"/>
      </parameters>
    </function>
    <function name="TessBaseAPIGetThresholdedImage">
      <return type="struct Pix *" ctype="LPPix" pytype="LPPix"/>
      <parameters>
        <parameter name="handle" type="TessBaseAPI *" ctype="LPTessBaseAPI" pytype="LPTessBaseAPI"/>
      </parameters>
    </function>
    <function name="TessBaseAPIGetRegions">
      <return type="struct Boxa *" ctype="LPBoxa" pytype="LPBoxa"/>
      <parameters>
        <parameter name="handle" type="TessBaseAPI *" ctype="LPTessBaseAPI" pytype="LPTessBaseAPI"/>
        <parameter name="pixa" type="struct Pixa * *" ctype="POINTER(LPPixa)" pytype="POINTER(LPPixa)"/>
      </parameters>
    </function>
    <function name="TessBaseAPIGetTextlines">
      <return type="struct Boxa *" ctype="LPBoxa" pytype="LPBoxa"/>
      <parameters>
        <parameter name="handle" type="TessBaseAPI *" ctype="LPTessBaseAPI" pytype="LPTessBaseAPI"/>
        <parameter name="pixa" type="struct Pixa * *" ctype="POINTER(LPPixa)" pytype="POINTER(LPPixa)"/>
        <parameter name="blockids" type="int * *" ctype="POINTER(c_int_p)" pytype="POINTER(c_int_p)"/>
      </parameters>
    </function>
    <function name="TessBaseAPIGetTextlines1">
      <return type="struct Boxa *" ctype="LPBoxa" pytype="LPBoxa"/>
      <parameters>
        <parameter name="handle" type="TessBaseAPI *" ctype="LPTessBaseAPI" pytype="LPTessBaseAPI"/>
        <parameter name="raw_image" type="BOOL" ctype="c_bool" pytype="bool"/>
        <parameter name="raw_padding" type="int" ctype="c_int" pytype="int"/>
        <parameter name="pixa" type="struct Pixa * *" ctype="POINTER(LPPixa)" pytype="POINTER(LPPixa)"/>
        <parameter name="blockids" type="int * *" ctype="POINTER(c_int_p)" pytype="POINTER(c_int_p)"/>
        <parameter name="paraids" type="int * *" ctype="POINTER(c_int_p)" pytype="POINTER(c_int_p)"/>
      </parameters>
    </function>
    <function name="TessBaseAPIGetStrips">
      <return type="struct Boxa *" ctype="LPBoxa" pytype="LPBoxa"/>
      <parameters>
        <parameter name="handle" type="TessBaseAPI *" ctype="LPTessBaseAPI" pytype="LPTessBaseAPI"/>
        <parameter name="pixa" type="struct Pixa * *" ctype="POINTER(LPPixa)" pytype="POINTER(LPPixa)"/>
        <parameter name="blockids" type="int * *" ctype="POINTER(c_int_p)" pytype="POINTER(c_int_p)"/>
      </parameters>
    </function>
    <function name="TessBaseAPIGetWords">
      <return type="struct Boxa *" ctype="LPBoxa" pytype="LPBoxa"/>
      <parameters>
        <parameter name="handle" type="TessBaseAPI *" ctype="LPTessBaseAPI" pytype="LPTessBaseAPI"/>
        <parameter name="pixa" type="struct Pixa * *" ctype="POINTER(LPPixa)" pytype="POINTER(LPPixa)"/>
      </parameters>
    </function>
    <function name="TessBaseAPIGetConnectedComponents">
      <return type="struct Boxa *" ctype="LPBoxa" pytype="LPBoxa"/>
      <parameters>
        <parameter name="handle" type="TessBaseAPI *" ctype="LPTessBaseAPI" pytype="LPTessBaseAPI"/>
        <parameter name="cc" type="struct Pixa * *" ctype="POINTER(LPPixa)" pytype="POINTER(LPPixa)"/>
      </parameters>
    </function>
    <function name="TessBaseAPIGetComponentImages">
      <return type="struct Boxa *" ctype="LPBoxa" pytype="LPBoxa"/>
      <parameters>
        <parameter name="handle" type="TessBaseAPI *" ctype="LPTessBaseAPI" pytype="LPTessBaseAPI"/>
        <parameter name="level" type="TessPageIteratorLevel" ctype="c_int" pytype="int"/>
        <parameter name="text_only" type="BOOL" ctype="c_bool" pytype="bool"/>
        <parameter name="pixa" type="struct Pixa * *" ctype="POINTER(LPPixa)" pytype="POINTER(LPPixa)"/>
        <parameter name="blockids" type="int * *" ctype="POINTER(c_int_p)" pytype="POINTER(c_int_p)"/>
      </parameters>
    </function>
    <function name="TessBaseAPIGetComponentImages1">
      <return type="struct Boxa *" ctype="LPBoxa" pytype="LPBoxa"/>
      <parameters>
        <parameter name="handle" type="TessBaseAPI *" ctype="LPTessBaseAPI" pytype="LPTessBaseAPI"/>
        <parameter name="level" type="TessPageIteratorLevel" ctype="c_int" pytype="int"/>
        <parameter name="text_only" type="BOOL" ctype="c_bool" pytype="bool"/>
        <parameter name="raw_image" type="BOOL" ctype="c_bool" pytype="bool"/>
        <parameter name="raw_padding" type="int" ctype="c_int" pytype="int"/>
        <parameter name="pixa" type="struct Pixa * *" ctype="POINTER(LPPixa)" pytype="POINTER(LPPixa)"/>
        <parameter name="blockids" type="int * *" ctype="POINTER(c_int_p)" pytype="POINTER(c_int_p)"/>
        <parameter name="paraids" type="int * *" ctype="POINTER(c_int_p)" pytype="POINTER(c_int_p)"/>
      </parameters>
    </function>
    <function name="TessBaseAPIGetThresholdedImageScaleFactor">
      <return type="int" ctype="c_int" pytype="int"/>
      <parameters>
        <parameter name="handle" type="const TessBaseAPI *" ctype="LPTessBaseAPI" pytype="LPTessBaseAPI"/>
      </parameters>
    </function>
    <function name="TessBaseAPIAnalyseLayout">
      <return type="TessPageIterator *" ctype="LPTessPageIterator" pytype="LPTessPageIterator"/>
      <parameters>
        <parameter name="handle" type="TessBaseAPI *" ctype="LPTessBaseAPI" pytype="LPTessBaseAPI"/>
      </parameters>
    </function>
    <function name="TessBaseAPIRecognize">
      <return type="int" ctype="c_int" pytype="int"/>
      <parameters>
        <parameter name="handle" type="TessBaseAPI *" ctype="LPTessBaseAPI" pytype="LPTessBaseAPI"/>
        <parameter name="monitor" type="ETEXT_DESC *" ctype="LPETEXT_DESC" pytype="LPETEXT_DESC"/>
      </parameters>
    </function>
    <function name="TessBaseAPIProcessPages">
      <return type="BOOL" ctype="c_bool" pytype="bool"/>
      <parameters>
        <parameter name="handle" type="TessBaseAPI *" ctype="LPTessBaseAPI" pytype="LPTessBaseAPI"/>
        <parameter name="filename" type="const char *" ctype="c_char_p" pytype="bytes"/>
        <parameter name="retry_config" type="const char *" ctype="c_char_p" pytype="bytes"/>
        <parameter name="timeout_millisec" type="int" ctype="c_int" pytype="int"/>
        <parameter name="renderer" type="TessResultRenderer *" ctype="LPTessResultRenderer" pytype="LPTessResultRenderer"/>
      </parameters>
    </function>
    <function name="TessBaseAPIProcessPage">
      <return type="BOOL" ctype="c_bool" pytype="bool"/>
      <parameters>
        <parameter name="handle" type="TessBaseAPI *" ctype="LPTessBaseAPI" pytype="LPTessBaseAPI"/>
        <parameter name="pix" type="struct Pix *" ctype="LPPix" pytype="LPPix"/>
        <parameter name="page_index" type="int" ctype="c_int" pytype="int"/>
        <parameter name="filename" type="const char *" ctype="c_char_p" pytype="bytes"/>
        <parameter name="retry_config" type="const char *" ctype="c_char_p" pytype="bytes"/>
        <parameter name="timeout_millisec" type="int" ctype="c_int" pytype="int"/>
        <parameter name="renderer" type="TessResultRenderer *" ctype="LPTessResultRenderer" pytype="LPTessResultRenderer"/>
      </parameters>
    </function>
    <function name="TessBaseAPIGetIterator">
      <return type="TessResultIterator *" ctype="LPTessResultIterator" pytype="LPTessResultIterator"/>
      <parameters>
        <parameter name="handle" type="TessBaseAPI *" ctype="LPTessBaseAPI" pytype="LPTessBaseAPI"/>
      </parameters>
    </function>
    <function name="TessBaseAPIGetMutableIterator">
      <return type="TessMutableIterator *" ctype="LPTessMutableIterator" pytype="LPTessMutableIterator"/>
      <parameters>
        <parameter name="handle" type="TessBaseAPI *" ctype="LPTessBaseAPI" pytype="LPTessBaseAPI"/>
      </parameters>
    </function>
    <function name="TessBaseAPIGetUTF8Text">
      <return type="char *" ctype="LP_c_char" pytype="LP_c_char"/>
      <parameters>
        <parameter name="handle" type="TessBaseAPI *" ctype="LPTessBaseAPI" pytype="LPTessBaseAPI"/>
      </parameters>
    </function>
    <function name="TessBaseAPIGetHOCRText">
      <return type="char *" ctype="LP_c_char" pytype="LP_c_char"/>
      <parameters>
        <parameter name="handle" type="TessBaseAPI *" ctype="LPTessBaseAPI" pytype="LPTessBaseAPI"/>
        <parameter name="page_number" type="int" ctype="c_int" pytype="int"/>
      </parameters>
    </function>
    <function name="TessBaseAPIGetAltoText">
      <return type="char *" ctype="LP_c_char" pytype="LP_c_char"/>
      <parameters>
        <parameter name="handle" type="TessBaseAPI *" ctype="LPTessBaseAPI" pytype="LPTessBaseAPI"/>
        <parameter name="page_number" type="int" ctype="c_int" pytype="int"/>
      </parameters>
    </function>
    <function name="TessBaseAPIGetTsvText">
      <return type="char *" ctype="LP_c_char" pytype="LP_c_char"/>
      <parameters>
        <parameter name="handle" type="TessBaseAPI *" ctype="LPTessBaseAPI" pytype="LPTessBaseAPI"/>
        <parameter name="page_number" type="int" ctype="c_int" pytype="int"/>
      </parameters>
    </function>
    <function name="TessBaseAPIGetBoxText">
      <return type="char *" ctype="LP_c_char" pytype="LP_c_char"/>
      <parameters>
        <parameter name="handle" type="TessBaseAPI *" ctype="LPTessBaseAPI" pytype="LPTessBaseAPI"/>
        <parameter name="page_number" type="int" ctype="c_int" pytype="int"/>
      </parameters>
    </function>
    <function name="TessBaseAPIGetLSTMBoxText">
      <return type="char *" ctype="LP_c_char" pytype="LP_c_char"/>
      <parameters>
        <parameter name="handle" type="TessBaseAPI *" ctype="LPTessBaseAPI" pytype="LPTessBaseAPI"/>
        <parameter name="page_number" type="int" ctype="c_int" pytype="int"/>
      </parameters>
    </function>
    <function name="TessBaseAPIGetWordStrBoxText">
      <return type="char *" ctype="LP_c_char" pytype="LP_c_char"/>
      <parameters>
        <parameter name="handle" type="TessBaseAPI *" ctype="LPTessBaseAPI" pytype="LPTessBaseAPI"/>
        <parameter name="page_number" type="int" ctype="c_int" pytype="int"/>
      </parameters>
    </function>
    <function name="TessBaseAPIGetUNLVText">
      <return type="char *" ctype="LP_c_char" pytype="LP_c_char"/>
      <parameters>
        <parameter name="handle" type="TessBaseAPI *" ctype="LPTessBaseAPI" pytype="LPTessBaseAPI"/>
      </parameters>
    </function>
    <function name="TessBaseAPIMeanTextConf">
      <return type="int" ctype="c_int" pytype="int"/>
      <parameters>
        <parameter name="handle" type="TessBaseAPI *" ctype="LPTessBaseAPI" pytype="LPTessBaseAPI"/>
      </parameters>
    </function>
    <function name="TessBaseAPIAllWordConfidences">
      <return type="int *" ctype="c_int_p" pytype="c_int_p"/>
      <parameters>
        <parameter name="handle" type="TessBaseAPI *" ctype="LPTessBaseAPI" pytype="LPTessBaseAPI"/>
      </parameters>
    </function>
    <function name="TessBaseAPIAdaptToWordStr">
      <return type="BOOL" ctype="c_bool" pytype="bool"/>
      <parameters>
        <parameter name="handle" type="TessBaseAPI *" ctype="LPTessBaseAPI" pytype="LPTessBaseAPI"/>
        <parameter name="mode" type="TessPageSegMode" ctype="c_int" pytype="int"/>
        <parameter name="wordstr" type="const char *" ctype="c_char_p" pytype="bytes"/>
      </parameters>
    </function>
    <function name="TessBaseAPIClear">
      <return type="void" ctype="None" pytype="None"/>
      <parameters>
        <parameter name="handle" type="TessBaseAPI *" ctype="LPTessBaseAPI" pytype="LPTessBaseAPI"/>
      </parameters>
    </function>
    <function name="TessBaseAPIEnd">
      <return type="void" ctype="None" pytype="None"/>
      <parameters>
        <parameter name="handle" type="TessBaseAPI *" ctype="LPTessBaseAPI" pytype="LPTessBaseAPI"/>
      </parameters>
    </function>
    <function name="TessBaseAPIIsValidWord">
      <return type="int" ctype="c_int" pytype="int"/>
      <parameters>
        <parameter name="handle" type="TessBaseAPI *" ctype="LPTessBaseAPI" pytype="LPTessBaseAPI"/>
        <parameter name="word" type="const char *" ctype="c_char_p" pytype="bytes"/>
      </parameters>
    </function>
    <function name="TessBaseAPIGetTextDirection">
      <return type="BOOL" ctype="c_bool" pytype="bool"/>
      <parameters>
        <parameter name="handle" type="TessBaseAPI *" ctype="LPTessBaseAPI" pytype="LPTessBaseAPI"/>
        <parameter name="out_offset" type="int *" ctype="c_int_p" pytype="c_int_p"/>
        <parameter name="out_slope" type="float *" ctype="c_float_p" pytype="c_float_p"/>
      </parameters>
    </function>
    <function name="TessBaseAPIGetUnichar">
      <return type="const char *" ctype="c_char_p" pytype="bytes"/>
      <parameters>
        <parameter name="handle" type="TessBaseAPI *" ctype="LPTessBaseAPI" pytype="LPTessBaseAPI"/>
        <parameter name="unichar_id" type="int" ctype="c_int" pytype="int"/>
      </parameters>
    </function>
    <function name="TessBaseAPIClearPersistentCache">
      <return type="void" ctype="None" pytype="None"/>
      <parameters>
        <parameter name="handle" type="TessBaseAPI *" ctype="LPTessBaseAPI" pytype="LPTessBaseAPI"/>
      </parameters>
    </function>
    <function name="TessBaseAPIDetectOrientationScript">
      <return type="BOOL" ctype="c_bool" pytype="bool"/>
      <parameters>
        <parameter name="handle" type="TessBaseAPI *" ctype="LPTessBaseAPI" pytype="LPTessBaseAPI"/>
        <parameter name="orient_deg" type="int *" ctype="c_int_p" pytype="c_int_p"/>
        <parameter name="orient_conf" type="float *" ctype="c_float_p" pytype="c_float_p"/>
        <parameter name="script_name" type="const char * *" ctype="c_char_p_p" pytype="c_char_p_p"/>
        <parameter name="script_conf" type="float *" ctype="c_float_p" pytype="c_float_p"/>
      </parameters>
    </function>
    <function name="TessBaseAPISetMinOrientationMargin">
      <return type="void" ctype="None" pytype="None"/>
      <parameters>
        <parameter name="handle" type="TessBaseAPI *" ctype="LPTessBaseAPI" pytype="LPTessBaseAPI"/>
        <parameter name="margin" type="double" ctype="c_double" pytype="float"/>
      </parameters>
    </function>
    <function name="TessBaseAPINumDawgs">
      <return type="int" ctype="c_int" pytype="int"/>
      <parameters>
        <parameter name="handle" type="const TessBaseAPI *" ctype="LPTessBaseAPI" pytype="LPTessBaseAPI"/>
      </parameters>
    </function>
    <function name="TessBaseAPIOem">
      <return type="TessOcrEngineMode" ctype="c_int" pytype="int"/>
      <parameters>
        <parameter name="handle" type="const TessBaseAPI *" ctype="LPTessBaseAPI" pytype="LPTessBaseAPI"/>
      </parameters>
    </function>
    <function name="TessBaseGetBlockTextOrientations">
      <return type="void" ctype="None" pytype="None"/>
      <parameters>
        <parameter name="handle" type="TessBaseAPI *" ctype="LPTessBaseAPI" pytype="LPTessBaseAPI"/>
        <parameter name="block_orientation" type="int * *" ctype="POINTER(c_int_p)" pytype="POINTER(c_int_p)"/>
        <parameter name="vertical_writing" type="bool * *" ctype="POINTER(c_bool_p)" pytype="POINTER(c_bool_p)"/>
      </parameters>
    </function>
    <function name="TessPageIteratorDelete">
      <return type="void" ctype="None" pytype="None"/>
      <parameters>
        <parameter name="handle" type="TessPageIterator *" ctype="LPTessPageIterator" pytype="LPTessPageIterator"/>
      </parameters>
    </function>
    <function name="TessPageIteratorCopy">
      <return type="TessPageIterator *" ctype="LPTessPageIterator" pytype="LPTessPageIterator"/>
      <parameters>
        <parameter name="handle" type="const TessPageIterator *" ctype="LPTessPageIterator" pytype="LPTessPageIterator"/>
      </parameters>
    </function>
    <function name="TessPageIteratorBegin">
      <return type="void" ctype="None" pytype="None"/>
      <parameters>
        <parameter name="handle" type="TessPageIterator *" ctype="LPTessPageIterator" pytype="LPTessPageIterator"/>
      </parameters>
    </function>
    <function name="TessPageIteratorNext">
      <return type="BOOL" ctype="c_bool" pytype="bool"/>
      <parameters>
        <parameter name="handle" type="TessPageIterator *" ctype="LPTessPageIterator" pytype="LPTessPageIterator"/>
        <parameter name="level" type="TessPageIteratorLevel" ctype="c_int" pytype="int"/>
      </parameters>
    </function>
    <function name="TessPageIteratorIsAtBeginningOf">
      <return type="BOOL" ctype="c_bool" pytype="bool"/>
      <parameters>
        <parameter name="handle" type="const TessPageIterator *" ctype="LPTessPageIterator" pytype="LPTessPageIterator"/>
        <parameter name="level" type="TessPageIteratorLevel" ctype="c_int" pytype="int"/>
      </parameters>
    </function>
    <function name="TessPageIteratorIsAtFinalElement">
      <return type="BOOL" ctype="c_bool" pytype="bool"/>
      <parameters>
        <parameter name="handle" type="const TessPageIterator *" ctype="LPTessPageIterator" pytype="LPTessPageIterator"/>
        <parameter name="level" type="TessPageIteratorLevel" ctype="c_int" pytype="int"/>
        <parameter name="element" type="TessPageIteratorLevel" ctype="c_int" pytype="int"/>
      </parameters>
    </function>
    <function name="TessPageIteratorBoundingBox">
      <return type="BOOL" ctype="c_bool" pytype="bool"/>
      <parameters>
        <parameter name="handle" type="const TessPageIterator *" ctype="LPTessPageIterator" pytype="LPTessPageIterator"/>
        <parameter name="level" type="TessPageIteratorLevel" ctype="c_int" pytype="int"/>
        <parameter name="left" type="int *" ctype="c_int_p" pytype="c_int_p"/>
        <parameter name="top" type="int *" ctype="c_int_p" pytype="c_int_p"/>
        <parameter name="right" type="int *" ctype="c_int_p" pytype="c_int_p"/>
        <parameter name="bottom" type="int *" ctype="c_int_p" pytype="c_int_p"/>
      </parameters>
    </function>
    <function name="TessPageIteratorBlockType">
      <return type="TessPolyBlockType" ctype="c_int" pytype="int"/>
      <parameters>
        <parameter name="handle" type="const TessPageIterator *" ctype="LPTessPageIterator" pytype="LPTessPageIterator"/>
      </parameters>
    </function>
    <function name="TessPageIteratorGetBinaryImage">
      <return type="struct Pix *" ctype="LPPix" pytype="LPPix"/>
      <parameters>
        <parameter name="handle" type="const TessPageIterator *" ctype="LPTessPageIterator" pytype="LPTessPageIterator"/>
        <parameter name="level" type="TessPageIteratorLevel" ctype="c_int" pytype="int"/>
      </parameters>
    </function>
    <function name="TessPageIteratorGetImage">
      <return type="struct Pix *" ctype="LPPix" pytype="LPPix"/>
      <parameters>
        <parameter name="handle" type="const TessPageIterator *" ctype="LPTessPageIterator" pytype="LPTessPageIterator"/>
        <parameter name="level" type="TessPageIteratorLevel" ctype="c_int" pytype="int"/>
        <parameter name="padding" type="int" ctype="c_int" pytype="int"/>
        <parameter name="original_image" type="struct Pix *" ctype="LPPix" pytype="LPPix"/>
        <parameter name="left" type="int *" ctype="c_int_p" pytype="c_int_p"/>
        <parameter name="top" type="int *" ctype="c_int_p" pytype="c_int_p"/>
      </parameters>
    </function>
    <function name="TessPageIteratorBaseline">
      <return type="BOOL" ctype="c_bool" pytype="bool"/>
      <parameters>
        <parameter name="handle" type="const TessPageIterator *" ctype="LPTessPageIterator" pytype="LPTessPageIterator"/>
        <parameter name="level" type="TessPageIteratorLevel" ctype="c_int" pytype="int"/>
        <parameter name="x1" type="int *" ctype="c_int_p" pytype="c_int_p"/>
        <parameter name="y1" type="int *" ctype="c_int_p" pytype="c_int_p"/>
        <parameter name="x2" type="int *" ctype="c_int_p" pytype="c_int_p"/>
        <parameter name="y2" type="int *" ctype="c_int_p" pytype="c_int_p"/>
      </parameters>
    </function>
    <function name="TessPageIteratorOrientation">
      <return type="void" ctype="None" pytype="None"/>
      <parameters>
        <parameter name="handle" type="TessPageIterator *" ctype="LPTessPageIterator" pytype="LPTessPageIterator"/>
        <parameter name="orientation" type="TessOrientation *" ctype="c_int_p" pytype="c_int_p"/>
        <parameter name="writing_direction" type="TessWritingDirection *" ctype="c_int_p" pytype="c_int_p"/>
        <parameter name="textline_order" type="TessTextlineOrder *" ctype="c_int_p" pytype="c_int_p"/>
        <parameter name="deskew_angle" type="float *" ctype="c_float_p" pytype="c_float_p"/>
      </parameters>
    </function>
    <function name="TessPageIteratorParagraphInfo">
      <return type="void" ctype="None" pytype="None"/>
      <parameters>
        <parameter name="handle" type="TessPageIterator *" ctype="LPTessPageIterator" pytype="LPTessPageIterator"/>
        <parameter name="justification" type="TessParagraphJustification *" ctype="c_int_p" pytype="c_int_p"/>
        <parameter name="is_list_item" type="BOOL *" ctype="c_bool_p" pytype="c_bool_p"/>
        <parameter name="is_crown" type="BOOL *" ctype="c_bool_p" pytype="c_bool_p"/>
        <parameter name="first_line_indent" type="int *" ctype="c_int_p" pytype="c_int_p"/>
      </parameters>
    </function>
    <function name="TessResultIteratorDelete">
      <return type="void" ctype="None" pytype="None"/>
      <parameters>
        <parameter name="handle" type="TessResultIterator *" ctype="LPTessResultIterator" pytype="LPTessResultIterator"/>
      </parameters>
    </function>
    <function name="TessResultIteratorCopy">
      <return type="TessResultIterator *" ctype="LPTessResultIterator" pytype="LPTessResultIterator"/>
      <parameters>
        <parameter name="handle" type="const TessResultIterator *" ctype="LPTessResultIterator" pytype="LPTessResultIterator"/>
      </parameters>
    </function>
    <function name="TessResultIteratorGetPageIterator">
      <return type="TessPageIterator *" ctype="LPTessPageIterator" pytype="LPTessPageIterator"/>
      <parameters>
        <parameter name="handle" type="TessResultIterator *" ctype="LPTessResultIterator" pytype="LPTessResultIterator"/>
      </parameters>
    </function>
    <function name="TessResultIteratorGetPageIteratorConst">
      <return type="const TessPageIterator *" ctype="LPTessPageIterator" pytype="LPTessPageIterator"/>
      <parameters>
        <parameter name="handle" type="const TessResultIterator *" ctype="LPTessResultIterator" pytype="LPTessResultIterator"/>
      </parameters>
    </function>
    <function name="TessResultIteratorGetChoiceIterator">
      <return type="TessChoiceIterator *" ctype="LPTessChoiceIterator" pytype="LPTessChoiceIterator"/>
      <parameters>
        <parameter name="handle" type="const TessResultIterator *" ctype="LPTessResultIterator" pytype="LPTessResultIterator"/>
      </parameters>
    </function>
    <function name="TessResultIteratorNext">
      <return type="BOOL" ctype="c_bool" pytype="bool"/>
      <parameters>
        <parameter name="handle" type="TessResultIterator *" ctype="LPTessResultIterator" pytype="LPTessResultIterator"/>
        <parameter name="level" type="TessPageIteratorLevel" ctype="c_int" pytype="int"/>
      </parameters>
    </function>
    <function name="TessResultIteratorGetUTF8Text">
      <return type="char *" ctype="LP_c_char" pytype="LP_c_char"/>
      <parameters>
        <parameter name="handle" type="const TessResultIterator *" ctype="LPTessResultIterator" pytype="LPTessResultIterator"/>
        <parameter name="level" type="TessPageIteratorLevel" ctype="c_int" pytype="int"/>
      </parameters>
    </function>
    <function name="TessResultIteratorConfidence">
      <return type="float" ctype="c_float" pytype="float"/>
      <parameters>
        <parameter name="handle" type="const TessResultIterator *" ctype="LPTessResultIterator" pytype="LPTessResultIterator"/>
        <parameter name="level" type="TessPageIteratorLevel" ctype="c_int" pytype="int"/>
      </parameters>
    </function>
    <function name="TessResultIteratorWordRecognitionLanguage">
      <return type="const char *" ctype="c_char_p" pytype="bytes"/>
      <parameters>
        <parameter name="handle" type="const TessResultIterator *" ctype="LPTessResultIterator" pytype="LPTessResultIterator"/>
      </parameters>
    </function>
    <function name="TessResultIteratorWordFontAttributes">
      <return type="const char *" ctype="c_char_p" pytype="bytes"/>
      <parameters>
        <parameter name="handle" type="const TessResultIterator *" ctype="LPTessResultIterator" pytype="LPTessResultIterator"/>
        <parameter name="is_bold" type="BOOL *" ctype="c_bool_p" pytype="c_bool_p"/>
        <parameter name="is_italic" type="BOOL *" ctype="c_bool_p" pytype="c_bool_p"/>
        <parameter name="is_underlined" type="BOOL *" ctype="c_bool_p" pytype="c_bool_p"/>
        <parameter name="is_monospace" type="BOOL *" ctype="c_bool_p" pytype="c_bool_p"/>
        <parameter name="is_serif" type="BOOL *" ctype="c_bool_p" pytype="c_bool_p"/>
        <parameter name="is_smallcaps" type="BOOL *" ctype="c_bool_p" pytype="c_bool_p"/>
        <parameter name="pointsize" type="int *" ctype="c_int_p" pytype="c_int_p"/>
        <parameter name="font_id" type="int *" ctype="c_int_p" pytype="c_int_p"/>
      </parameters>
    </function>
    <function name="TessResultIteratorWordIsFromDictionary">
      <return type="BOOL" ctype="c_bool" pytype="bool"/>
      <parameters>
        <parameter name="handle" type="const TessResultIterator *" ctype="LPTessResultIterator" pytype="LPTessResultIterator"/>
      </parameters>
    </function>
    <function name="TessResultIteratorWordIsNumeric">
      <return type="BOOL" ctype="c_bool" pytype="bool"/>
      <parameters>
        <parameter name="handle" type="const TessResultIterator *" ctype="LPTessResultIterator" pytype="LPTessResultIterator"/>
      </parameters>
    </function>
    <function name="TessResultIteratorSymbolIsSuperscript">
      <return type="BOOL" ctype="c_bool" pytype="bool"/>
      <parameters>
        <parameter name="handle" type="const TessResultIterator *" ctype="LPTessResultIterator" pytype="LPTessResultIterator"/>
      </parameters>
    </function>
    <function name="TessResultIteratorSymbolIsSubscript">
      <return type="BOOL" ctype="c_bool" pytype="bool"/>
      <parameters>
        <parameter name="handle" type="const TessResultIterator *" ctype="LPTessResultIterator" pytype="LPTessResultIterator"/>
      </parameters>
    </function>
    <function name="TessResultIteratorSymbolIsDropcap">
      <return type="BOOL" ctype="c_bool" pytype="bool"/>
      <parameters>
        <parameter name="handle" type="const TessResultIterator *" ctype="LPTessResultIterator" pytype="LPTessResultIterator"/>
      </parameters>
    </function>
    <function name="TessChoiceIteratorDelete">
      <return type="void" ctype="None" pytype="None"/>
      <parameters>
        <parameter name="handle" type="TessChoiceIterator *" ctype="LPTessChoiceIterator" pytype="LPTessChoiceIterator"/>
      </parameters>
    </function>
    <function name="TessChoiceIteratorNext">
      <return type="BOOL" ctype="c_bool" pytype="bool"/>
      <parameters>
        <parameter name="handle" type="TessChoiceIterator *" ctype="LPTessChoiceIterator" pytype="LPTessChoiceIterator"/>
      </parameters>
    </function>
    <function name="TessChoiceIteratorGetUTF8Text">
      <return type="const char *" ctype="c_char_p" pytype="bytes"/>
      <parameters>
        <parameter name="handle" type="const TessChoiceIterator *" ctype="LPTessChoiceIterator" pytype="LPTessChoiceIterator"/>
      </parameters>
    </function>
    <function name="TessChoiceIteratorConfidence">
      <return type="float" ctype="c_float" pytype="float"/>
      <parameters>
        <parameter name="handle" type="const TessChoiceIterator *" ctype="LPTessChoiceIterator" pytype="LPTessChoiceIterator"/>
      </parameters>
    </function>
    <function name="TessMonitorCreate">
      <return type="ETEXT_DESC *" ctype="LPETEXT_DESC" pytype="LPETEXT_DESC"/>
      <parameters/>
    </function>
    <function name="TessMonitorDelete">
      <return type="void" ctype="None" pytype="None"/>
      <parameters>
        <parameter name="monitor" type="ETEXT_DESC *" ctype="LPETEXT_DESC" pytype="LPETEXT_DESC"/>
      </parameters>
    </function>
    <function name="TessMonitorSetCancelFunc">
      <return type="void" ctype="None" pytype="None"/>
      <parameters>
        <parameter name="monitor" type="ETEXT_DESC *" ctype="LPETEXT_DESC" pytype="LPETEXT_DESC"/>
        <parameter name="cancelFunc" type="TessCancelFunc" ctype="TessCancelFunc" pytype="TessCancelFunc"/>
      </parameters>
    </function>
    <function name="TessMonitorSetCancelThis">
      <return type="void" ctype="None" pytype="None"/>
      <parameters>
        <parameter name="monitor" type="ETEXT_DESC *" ctype="LPETEXT_DESC" pytype="LPETEXT_DESC"/>
        <parameter name="cancelThis" type="void *" ctype="c_void_p" pytype="c_void_p"/>
      </parameters>
    </function>
    <function name="TessMonitorGetCancelThis">
      <return type="void *" ctype="c_void_p" pytype="c_void_p"/>
      <parameters>
        <parameter name="monitor" type="ETEXT_DESC *" ctype="LPETEXT_DESC" pytype="LPETEXT_DESC"/>
      </parameters>
    </function>
    <function name="TessMonitorSetProgressFunc">
      <return type="void" ctype="None" pytype="None"/>
      <parameters>
        <parameter name="monitor" type="ETEXT_DESC *" ctype="LPETEXT_DESC" pytype="LPETEXT_DESC"/>
        <parameter name="progressFunc" type="TessProgressFunc" ctype="TessProgressFunc" pytype="TessProgressFunc"/>
      </parameters>
    </function>
    <function name="TessMonitorGetProgress">
      <return type="int" ctype="c_int" pytype="int"/>
      <parameters>
        <parameter name="monitor" type="ETEXT_DESC *" ctype="LPETEXT_DESC" pytype="LPETEXT_DESC"/>
      </parameters>
    </function>
    <function name="TessMonitorSetDeadlineMSecs">
      <return type="void" ctype="None" pytype="None"/>
      <parameters>
        <parameter name="monitor" type="ETEXT_DESC *" ctype="LPETEXT_DESC" pytype="LPETEXT_DESC"/>
        <parameter name="deadline" type="int" ctype="c_int" pytype="int"/>
      </parameters>
    </function>
  </functions>
</pycode>
